candidate_id,title,artist,selection_source_url,selection_reason,video_url,video_published_at,views,observed_at_utc,track_id,match_status,match_evidence,decision,exclusion_reason,notes,views_observed_date,views_date_precision,views_date_source_url,recording_review,reviewer,audience_group
HR01,Bark at the Moon,Ozzy Osbourne,https://www.kaggle.com/datasets/salvatorerastelli/spotify-and-youtube,hard-rock exact-ID intersection; catalogue 1980–1989; one hash-selected track per artist; lower,https://www.youtube.com/watch?v=LplPi2CxNHI,,1019839,,2E7W1X4maFFcjHrVrFA7Vs,uncertain,,pending,,Catalogue date is not validated first release; publisher official flag; historical day declared. Video publication missing: exposure age unavailable.,2023-02-07,day_declared,https://www.kaggle.com/datasets/salvatorerastelli/spotify-and-youtube,pending,,lower
HR02,You've Got Another Thing Coming,Judas Priest,https://www.kaggle.com/datasets/salvatorerastelli/spotify-and-youtube,hard-rock exact-ID intersection; catalogue 1980–1989; one hash-selected track per artist; lower,https://www.youtube.com/watch?v=coA75uoMF40,,2291245,,4f3RDq9nYPBeR1yMSgnmBm,uncertain,,pending,,Catalogue date is not validated first release; publisher official flag; historical day declared. Video publication missing: exposure age unavailable.,2023-02-07,day_declared,https://www.kaggle.com/datasets/salvatorerastelli/spotify-and-youtube,pending,,lower
HR03,Peace Sells - Remastered,Megadeth,https://www.kaggle.com/datasets/salvatorerastelli/spotify-and-youtube,hard-rock exact-ID intersection; catalogue 1980–1989; one hash-selected track per artist; lower,https://www.youtube.com/watch?v=rdEupVsL07E,,4356416,,5a2hIQWInPjqkkFiUEgxoX,uncertain,,pending,,Catalogue date is not validated first release; publisher official flag; historical day declared. Video publication missing: exposure age unavailable.,2023-02-07,day_declared,https://www.kaggle.com/datasets/salvatorerastelli/spotify-and-youtube,pending,,lower
HR04,The Spirit Of Radio,Rush,https://www.kaggle.com/datasets/salvatorerastelli/spotify-and-youtube,hard-rock exact-ID intersection; catalogue 1980–1989; one hash-selected track per artist; lower,https://www.youtube.com/watch?v=g_QtO0Rhp0w,,6301819,,4e9hUiLsN4mx61ARosFi7p,uncertain,,pending,,Catalogue date is not validated first release; publisher official flag; historical day declared. Video publication missing: exposure age unavailable.,2023-02-07,day_declared,https://www.kaggle.com/datasets/salvatorerastelli/spotify-and-youtube,pending,,lower
HR05,Nothin' But A Good Time - Remastered 2006,Poison,https://www.kaggle.com/datasets/salvatorerastelli/spotify-and-youtube,hard-rock exact-ID intersection; catalogue 1980–1989; one hash-selected track per artist; lower,https://www.youtube.com/watch?v=_88L-CU7PD4,,25037993,,2V8KvnD5LVeeDChMWEkSzC,uncertain,,pending,,Catalogue date is not validated first release; publisher official flag; historical day declared. Video publication missing: exposure age unavailable.,2023-02-07,day_declared,https://www.kaggle.com/datasets/salvatorerastelli/spotify-and-youtube,pending,,lower
HR06,Rock the Night,Europe,https://www.kaggle.com/datasets/salvatorerastelli/spotify-and-youtube,hard-rock exact-ID intersection; catalogue 1980–1989; one hash-selected track per artist; lower,https://www.youtube.com/watch?v=ELtpTBf-pMU,,33342990,,3J9NEWkd9Cx1MwSSvDySkL,uncertain,,pending,,Catalogue date is not validated first release; publisher official flag; historical day declared. Video publication missing: exposure age unavailable.,2023-02-07,day_declared,https://www.kaggle.com/datasets/salvatorerastelli/spotify-and-youtube,pending,,lower
HR07,Dude (Looks Like A Lady),Aerosmith,https://www.kaggle.com/datasets/salvatorerastelli/spotify-and-youtube,hard-rock exact-ID intersection; catalogue 1980–1989; one hash-selected track per artist; lower,https://www.youtube.com/watch?v=nf0oXY4nDxE,,56228815,,6gQUbFwwdYXlKdmqRoWKJe,uncertain,,pending,,Catalogue date is not validated first release; publisher official flag; historical day declared. Video publication missing: exposure age unavailable.,2023-02-07,day_declared,https://www.kaggle.com/datasets/salvatorerastelli/spotify-and-youtube,pending,,lower
HR08,Keep on Loving You,REO Speedwagon,https://www.kaggle.com/datasets/salvatorerastelli/spotify-and-youtube,hard-rock exact-ID intersection; catalogue 1980–1989; one hash-selected track per artist; lower,https://www.youtube.com/watch?v=wJzNZ1c5C9c,,57070842,,4rcHWl68ai6KvpXlc8vbnE,uncertain,,pending,,Catalogue date is not validated first release; publisher official flag; historical day declared. Video publication missing: exposure age unavailable.,2023-02-07,day_declared,https://www.kaggle.com/datasets/salvatorerastelli/spotify-and-youtube,pending,,lower
HR09,Heaven's On Fire,KISS,https://www.kaggle.com/datasets/salvatorerastelli/spotify-and-youtube,hard-rock exact-ID intersection; catalogue 1980–1989; one hash-selected track per artist; lower,https://www.youtube.com/watch?v=EZjevnnkA20,,67522108,,1brpdmqkx3kSxyqzqXfW7J,uncertain,,pending,,Catalogue date is not validated first release; publisher official flag; historical day declared. Video publication missing: exposure age unavailable.,2023-02-07,day_declared,https://www.kaggle.com/datasets/salvatorerastelli/spotify-and-youtube,pending,,lower
HR10,Love Bites - Remastered 2017,Def Leppard,https://www.kaggle.com/datasets/salvatorerastelli/spotify-and-youtube,hard-rock exact-ID intersection; catalogue 1980–1989; one hash-selected track per artist; lower,https://www.youtube.com/watch?v=W4XiSFyYRE8,,71082856,,3Dfy8YIxq89i84t108TvMi,uncertain,,pending,,Catalogue date is not validated first release; publisher official flag; historical day declared. Video publication missing: exposure age unavailable.,2023-02-07,day_declared,https://www.kaggle.com/datasets/salvatorerastelli/spotify-and-youtube,pending,,lower
HR11,Perfect Strangers,Deep Purple,https://www.kaggle.com/datasets/salvatorerastelli/spotify-and-youtube,hard-rock exact-ID intersection; catalogue 1980–1989; one hash-selected track per artist; higher,https://www.youtube.com/watch?v=gZ_kez7WVUU,,108469771,,2JhJOPGvtqMpj5RQC8cIYf,uncertain,,pending,,Catalogue date is not validated first release; publisher official flag; historical day declared. Video publication missing: exposure age unavailable.,2023-02-07,day_declared,https://www.kaggle.com/datasets/salvatorerastelli/spotify-and-youtube,pending,,higher
HR12,Gimme All Your Lovin',ZZ Top,https://www.kaggle.com/datasets/salvatorerastelli/spotify-and-youtube,hard-rock exact-ID intersection; catalogue 1980–1989; one hash-selected track per artist; higher,https://www.youtube.com/watch?v=Ae829mFAGGE,,150592415,,0OBwxFLu6Yj61s2OagYbgY,uncertain,,pending,,Catalogue date is not validated first release; publisher official flag; historical day declared. Video publication missing: exposure age unavailable.,2023-02-07,day_declared,https://www.kaggle.com/datasets/salvatorerastelli/spotify-and-youtube,pending,,higher
HR13,Drive - 2017 Remaster,The Cars,https://www.kaggle.com/datasets/salvatorerastelli/spotify-and-youtube,hard-rock exact-ID intersection; catalogue 1980–1989; one hash-selected track per artist; higher,https://www.youtube.com/watch?v=xuZA6qiJVfU,,162469309,,2lFFiNm0XtgJ6wkdncTB4k,uncertain,,pending,,Catalogue date is not validated first release; publisher official flag; historical day declared. Video publication missing: exposure age unavailable.,2023-02-07,day_declared,https://www.kaggle.com/datasets/salvatorerastelli/spotify-and-youtube,pending,,higher
HR14,Jump - 2015 Remaster,Van Halen,https://www.kaggle.com/datasets/salvatorerastelli/spotify-and-youtube,hard-rock exact-ID intersection; catalogue 1980–1989; one hash-selected track per artist; higher,https://www.youtube.com/watch?v=SwYN7mTi6HM,,178303531,,7N3PAbqfTjSEU1edb2tY8j,uncertain,,pending,,Catalogue date is not validated first release; publisher official flag; historical day declared. Video publication missing: exposure age unavailable.,2023-02-07,day_declared,https://www.kaggle.com/datasets/salvatorerastelli/spotify-and-youtube,pending,,higher
HR15,Faithfully,Journey,https://www.kaggle.com/datasets/salvatorerastelli/spotify-and-youtube,hard-rock exact-ID intersection; catalogue 1980–1989; one hash-selected track per artist; higher,https://www.youtube.com/watch?v=OMD8hBsA-RI,,240253794,,57ebBLITHpRgRKGrlbxMZS,uncertain,,pending,,Catalogue date is not validated first release; publisher official flag; historical day declared. Video publication missing: exposure age unavailable.,2023-02-07,day_declared,https://www.kaggle.com/datasets/salvatorerastelli/spotify-and-youtube,pending,,higher
HR16,Eyes Without A Face,Billy Idol,https://www.kaggle.com/datasets/salvatorerastelli/spotify-and-youtube,hard-rock exact-ID intersection; catalogue 1980–1989; one hash-selected track per artist; higher,https://www.youtube.com/watch?v=9OFpfTd0EIs,,259236899,,0pUVeEgZuNyFzIMKp67RbS,uncertain,,pending,,Catalogue date is not validated first release; publisher official flag; historical day declared. Video publication missing: exposure age unavailable.,2023-02-07,day_declared,https://www.kaggle.com/datasets/salvatorerastelli/spotify-and-youtube,pending,,higher
HR17,Poison,Alice Cooper,https://www.kaggle.com/datasets/salvatorerastelli/spotify-and-youtube,hard-rock exact-ID intersection; catalogue 1980–1989; one hash-selected track per artist; higher,https://www.youtube.com/watch?v=Qq4j1LtCdww,,264551594,,5XcZRgJv3zMhTqCyESjQrF,uncertain,,pending,,Catalogue date is not validated first release; publisher official flag; historical day declared. Video publication missing: exposure age unavailable.,2023-02-07,day_declared,https://www.kaggle.com/datasets/salvatorerastelli/spotify-and-youtube,pending,,higher
HR18,Alone,Heart,https://www.kaggle.com/datasets/salvatorerastelli/spotify-and-youtube,hard-rock exact-ID intersection; catalogue 1980–1989; one hash-selected track per artist; higher,https://www.youtube.com/watch?v=1Cw1ng75KP0,,296985793,,54b8qPFqYqIndfdxiLApea,uncertain,,pending,,Catalogue date is not validated first release; publisher official flag; historical day declared. Video publication missing: exposure age unavailable.,2023-02-07,day_declared,https://www.kaggle.com/datasets/salvatorerastelli/spotify-and-youtube,pending,,higher
HR19,Paradise City,Guns N' Roses,https://www.kaggle.com/datasets/salvatorerastelli/spotify-and-youtube,hard-rock exact-ID intersection; catalogue 1980–1989; one hash-selected track per artist; higher,https://www.youtube.com/watch?v=Rbm6GXllBiw,,753086521,,6eN1f9KNmiWEhpE2RhQqB5,uncertain,,pending,,Catalogue date is not validated first release; publisher official flag; historical day declared. Video publication missing: exposure age unavailable.,2023-02-07,day_declared,https://www.kaggle.com/datasets/salvatorerastelli/spotify-and-youtube,pending,,higher
HR20,Back In Black,AC/DC,https://www.kaggle.com/datasets/salvatorerastelli/spotify-and-youtube,hard-rock exact-ID intersection; catalogue 1980–1989; one hash-selected track per artist; higher,https://www.youtube.com/watch?v=pAgnJDJN4VA,,915158054,,08mG3Y1vljYA6bvDt4Wqkj,uncertain,,pending,,Catalogue date is not validated first release; publisher official flag; historical day declared. Video publication missing: exposure age unavailable.,2023-02-07,day_declared,https://www.kaggle.com/datasets/salvatorerastelli/spotify-and-youtube,pending,,higher
