candidate_id,title,artist,track_id,spotify_url,video_url,video_title_snapshot,channel_snapshot,album_snapshot,album_type,spotify_duration_ms_snapshot,views,audience_group,views_observed_date,views_date_precision,views_date_source_url,catalogue_date,catalogue_year,catalogue_date_scope,catalogue_metadata_retrieved_at_utc,catalogue_page_sha256,selection_hash,video_published_at,video_format,recording_review,reviewer,review_evidence,decision,exclusion_reason
HR01,Bark at the Moon,Ozzy Osbourne,2E7W1X4maFFcjHrVrFA7Vs,https://open.spotify.com/track/2E7W1X4maFFcjHrVrFA7Vs,https://www.youtube.com/watch?v=LplPi2CxNHI,Ozzy Osbourne - Bark at the Moon (Official Music Video),Ozzy Osbourne,Bark At The Moon (Expanded Edition),album,257120.0,1019839,lower,2023-02-07,day_declared,https://www.kaggle.com/datasets/salvatorerastelli/spotify-and-youtube,1983-12-10,1983,"Spotify edition/catalogue date, not validated original recording release",2026-10-02T00:35:58.342332+00:00,e8ef1279b30c86d075433bb0fa1143e556d4c948ce2a568cad9a91d3314f7531,1158f9a84f62981971bf91456f451d84596ea2cdca549d73ec3fe8ccbfc14441,,pending,pending,,,pending,
HR02,You've Got Another Thing Coming,Judas Priest,4f3RDq9nYPBeR1yMSgnmBm,https://open.spotify.com/track/4f3RDq9nYPBeR1yMSgnmBm,https://www.youtube.com/watch?v=coA75uoMF40,Judas Priest - You've Got Another Thing Comin' (Official Video),JudasPriestVEVO,Screaming For Vengeance (Expanded Edition),album,310080.0,2291245,lower,2023-02-07,day_declared,https://www.kaggle.com/datasets/salvatorerastelli/spotify-and-youtube,1982-01-01,1982,"Spotify edition/catalogue date, not validated original recording release",2026-10-02T00:36:00.344789+00:00,33e929b407b973c79c7c8d5419017ba397aa3d9744457549d1035856d2124ebf,1a89b457653480d6b3db6f83f54537e312f11605b8fee0dfa6476735c3ff8732,,pending,pending,,,pending,
HR03,Peace Sells - Remastered,Megadeth,5a2hIQWInPjqkkFiUEgxoX,https://open.spotify.com/track/5a2hIQWInPjqkkFiUEgxoX,https://www.youtube.com/watch?v=rdEupVsL07E,Megadeth - Peace Sells,megadethvevo,Peace Sells...But Who's Buying (Deluxe Edition - Remastered),album,244160.0,4356416,lower,2023-02-07,day_declared,https://www.kaggle.com/datasets/salvatorerastelli/spotify-and-youtube,1986-01-01,1986,"Spotify edition/catalogue date, not validated original recording release",2026-10-02T00:35:59.436195+00:00,674d67d1acc560a7bb236326f6418bcb0451544a5646cb825f53de90bbb97661,f52d0a798a4722ae5187cde2c33de63e2611bccf0f1aefdb9cbbc005c9b2c78d,,pending,pending,,,pending,
HR04,The Spirit Of Radio,Rush,4e9hUiLsN4mx61ARosFi7p,https://open.spotify.com/track/4e9hUiLsN4mx61ARosFi7p,https://www.youtube.com/watch?v=g_QtO0Rhp0w,Rush - The Spirit Of Radio,RushVEVO,Permanent Waves,album,296467.0,6301819,lower,2023-02-07,day_declared,https://www.kaggle.com/datasets/salvatorerastelli/spotify-and-youtube,1980-01-01,1980,"Spotify edition/catalogue date, not validated original recording release",2026-10-02T00:36:03.426348+00:00,2cdd1cae51e5544f18d1c832f004cbeb2d5472e69a510a8b104f5e3fcc2fe2a2,40716e65917ee6a76cc066038e8cac080e5d227b1543d69138b64a8959b7c1a3,,pending,pending,,,pending,
HR05,Nothin' But A Good Time - Remastered 2006,Poison,2V8KvnD5LVeeDChMWEkSzC,https://open.spotify.com/track/2V8KvnD5LVeeDChMWEkSzC,https://www.youtube.com/watch?v=_88L-CU7PD4,Poison - Nothin' But A Good Time,poisonVEVO,Open Up And Say...Ahh! (20th Anniversary Edition),album,224867.0,25037993,lower,2023-02-07,day_declared,https://www.kaggle.com/datasets/salvatorerastelli/spotify-and-youtube,1988-03-21,1988,"Spotify edition/catalogue date, not validated original recording release",2026-10-02T00:36:01.759557+00:00,e06059f204fd9b42c0768d57ed2e56bd4cc05c342a4e23c1c044a497b57245e1,2d12d27f2cfc8bc809391f7fd4696980b7205879e42ecc3a4c770c0f9bd531b8,,pending,pending,,,pending,
HR06,Rock the Night,Europe,3J9NEWkd9Cx1MwSSvDySkL,https://open.spotify.com/track/3J9NEWkd9Cx1MwSSvDySkL,https://www.youtube.com/watch?v=ELtpTBf-pMU,Europe - Rock the Night,EuropeVEVO,The Final Countdown (Expanded Edition),album,247307.0,33342990,lower,2023-02-07,day_declared,https://www.kaggle.com/datasets/salvatorerastelli/spotify-and-youtube,1986-01-01,1986,"Spotify edition/catalogue date, not validated original recording release",2026-10-02T00:36:01.151067+00:00,9962061ca615eae9ec361e7afe22619926f1cf27fbe022ea06c1808ffb4974ee,43d54b8f0a858762a237e83ba6bb1142ba3c3b745f284adefac44f9f77709f71,,pending,pending,,,pending,
HR07,Dude (Looks Like A Lady),Aerosmith,6gQUbFwwdYXlKdmqRoWKJe,https://open.spotify.com/track/6gQUbFwwdYXlKdmqRoWKJe,https://www.youtube.com/watch?v=nf0oXY4nDxE,Aerosmith - Dude (Looks Like A Lady) (Official Music Video),AerosmithVEVO,Permanent Vacation,album,265773.0,56228815,lower,2023-02-07,day_declared,https://www.kaggle.com/datasets/salvatorerastelli/spotify-and-youtube,1987-01-01,1987,"Spotify edition/catalogue date, not validated original recording release",2026-10-02T00:35:57.240537+00:00,bea3b1fb1a5dfb714915ce6219961c2ea06692ba4155b662f3a147f467c1f4ce,a2f3333cc4cf7ebc531fb1b502da59e9a6a36f1cb7b220fd16e1b111f6f82007,,pending,pending,,,pending,
HR08,Keep on Loving You,REO Speedwagon,4rcHWl68ai6KvpXlc8vbnE,https://open.spotify.com/track/4rcHWl68ai6KvpXlc8vbnE,https://www.youtube.com/watch?v=wJzNZ1c5C9c,REO Speedwagon - Keep on Loving You (Video Version),RSpwagonVEVO,Hi Infidelity (30th Anniversary Edition),album,200293.0,57070842,lower,2023-02-07,day_declared,https://www.kaggle.com/datasets/salvatorerastelli/spotify-and-youtube,1980-01-01,1980,"Spotify edition/catalogue date, not validated original recording release",2026-10-02T00:36:01.009575+00:00,73a12da39e737b3cae487f06f077d3ecf339aec6102f3ba55a2078ff77ddf8bb,7f6a8133df4353d07f53466fff394651c8878ffa5d9aee64d851349af299222d,,pending,pending,,,pending,
HR09,Heaven's On Fire,KISS,1brpdmqkx3kSxyqzqXfW7J,https://open.spotify.com/track/1brpdmqkx3kSxyqzqXfW7J,https://www.youtube.com/watch?v=EZjevnnkA20,Kiss - Heaven's On Fire,KissVEVO,Animalize,album,201400.0,67522108,lower,2023-02-07,day_declared,https://www.kaggle.com/datasets/salvatorerastelli/spotify-and-youtube,1984-09-13,1984,"Spotify edition/catalogue date, not validated original recording release",2026-10-02T00:36:01.912869+00:00,9a09cf3eff5cbebc71b7cce24ae03548a33ed29961c330c11deb66bf812273a6,5deef1b920ce2e1f39496f851344255e804517cd25666b1248c7ca21e19370ea,,pending,pending,,,pending,
HR10,Love Bites - Remastered 2017,Def Leppard,3Dfy8YIxq89i84t108TvMi,https://open.spotify.com/track/3Dfy8YIxq89i84t108TvMi,https://www.youtube.com/watch?v=W4XiSFyYRE8,Def Leppard - Love Bites,DefLeppardVEVO,Hysteria (Super Deluxe),album,346960.0,71082856,lower,2023-02-07,day_declared,https://www.kaggle.com/datasets/salvatorerastelli/spotify-and-youtube,1987-08-03,1987,"Spotify edition/catalogue date, not validated original recording release",2026-10-02T00:36:03.177018+00:00,60efb80fb75e986de1d23e59dc0268f26ad264420dd2c8076d185264b6dc0dba,1484894ae6b737f1cb4ed5707b67c02c536dba1cb37d2c28e69bc8090d6d70d1,,pending,pending,,,pending,
HR11,Perfect Strangers,Deep Purple,2JhJOPGvtqMpj5RQC8cIYf,https://open.spotify.com/track/2JhJOPGvtqMpj5RQC8cIYf,https://www.youtube.com/watch?v=gZ_kez7WVUU,Deep Purple - Perfect Strangers (Official Video),DeepPurpleVEVO,Perfect Strangers,album,328427.0,108469771,higher,2023-02-07,day_declared,https://www.kaggle.com/datasets/salvatorerastelli/spotify-and-youtube,1984-09-16,1984,"Spotify edition/catalogue date, not validated original recording release",2026-10-02T00:36:00.201488+00:00,49dc09fea79dc55190e57211678d279d6db00982b5ea56f39633ba99e10b405a,680824568e36fcd6666623d995fc761900d61ced9424d4aef7f4a16c72afaa31,,pending,pending,,,pending,
HR12,Gimme All Your Lovin',ZZ Top,0OBwxFLu6Yj61s2OagYbgY,https://open.spotify.com/track/0OBwxFLu6Yj61s2OagYbgY,https://www.youtube.com/watch?v=Ae829mFAGGE,ZZ Top - Gimme All Your Lovin' (Official Music Video),RHINO,Eliminator,album,241080.0,150592415,higher,2023-02-07,day_declared,https://www.kaggle.com/datasets/salvatorerastelli/spotify-and-youtube,1983-03-23,1983,"Spotify edition/catalogue date, not validated original recording release",2026-10-02T00:36:02.147873+00:00,8132fd176b1dc9b9c7ae7a32b38b1903ea04fc25e827da20a3b49661c77ed2a9,8e8961b1e9080865383535f04d821739aae85d23a14368661acacf784ecd5df5,,pending,pending,,,pending,
HR13,Drive - 2017 Remaster,The Cars,2lFFiNm0XtgJ6wkdncTB4k,https://open.spotify.com/track/2lFFiNm0XtgJ6wkdncTB4k,https://www.youtube.com/watch?v=xuZA6qiJVfU,The Cars - Drive (Official Music Video),RHINO,Heartbeat City (Expanded Edition),album,234332.0,162469309,higher,2023-02-07,day_declared,https://www.kaggle.com/datasets/salvatorerastelli/spotify-and-youtube,1984-01-01,1984,"Spotify edition/catalogue date, not validated original recording release",2026-10-02T00:36:03.213502+00:00,ef846295b23778f81f61c3a07c7fd13ea5e8dae4b2ad357b000dbba4a7ea3df0,3ba487478f75962e4514352943241365fbd9a1aef6d0a5824a44e593ae95c849,,pending,pending,,,pending,
HR14,Jump - 2015 Remaster,Van Halen,7N3PAbqfTjSEU1edb2tY8j,https://open.spotify.com/track/7N3PAbqfTjSEU1edb2tY8j,https://www.youtube.com/watch?v=SwYN7mTi6HM,Van Halen - Jump (Official Music Video),Van Halen,1984 (Remastered),album,241600.0,178303531,higher,2023-02-07,day_declared,https://www.kaggle.com/datasets/salvatorerastelli/spotify-and-youtube,1984-01-04,1984,"Spotify edition/catalogue date, not validated original recording release",2026-10-02T00:36:02.497506+00:00,1694efb217d54adb75a5e7b81539c5be951179a29f3c169baa5ae2796aaf668e,0768a72dc78084db1b6a47ded443d656bd5a73f06d3bf7be255f35a219c42eab,,pending,pending,,,pending,
HR15,Faithfully,Journey,57ebBLITHpRgRKGrlbxMZS,https://open.spotify.com/track/57ebBLITHpRgRKGrlbxMZS,https://www.youtube.com/watch?v=OMD8hBsA-RI,Journey - Faithfully (Official HD Video),journeyVEVO,Frontiers,album,267080.0,240253794,higher,2023-02-07,day_declared,https://www.kaggle.com/datasets/salvatorerastelli/spotify-and-youtube,1983-02-22,1983,"Spotify edition/catalogue date, not validated original recording release",2026-10-02T00:35:58.005073+00:00,8001b6e4e9b49d8368835423f2ff7e968b9bb148b8831e179087d7690ac5349b,0bb2429cfb0974057c17775271a91f3d6dab338133332af6ab3655d98014db12,,pending,pending,,,pending,
HR16,Eyes Without A Face,Billy Idol,0pUVeEgZuNyFzIMKp67RbS,https://open.spotify.com/track/0pUVeEgZuNyFzIMKp67RbS,https://www.youtube.com/watch?v=9OFpfTd0EIs,Billy Idol - Eyes Without A Face (Official Music Video),BillyIdolVEVO,Rebel Yell,album,299240.0,259236899,higher,2023-02-07,day_declared,https://www.kaggle.com/datasets/salvatorerastelli/spotify-and-youtube,1983-11-01,1983,"Spotify edition/catalogue date, not validated original recording release",2026-10-02T00:36:02.239807+00:00,1241bcf60035012e3cc24e849b061b17ed8f27bef6fee7f3f1644be9785a65cd,00cead9ba4f14bb4698de6207d7e84e4cd3184b2875b93b2291c236250684b12,,pending,pending,,,pending,
HR17,Poison,Alice Cooper,5XcZRgJv3zMhTqCyESjQrF,https://open.spotify.com/track/5XcZRgJv3zMhTqCyESjQrF,https://www.youtube.com/watch?v=Qq4j1LtCdww,Alice Cooper - Poison,AliceCooperVEVO,Trash,album,270080.0,264551594,higher,2023-02-07,day_declared,https://www.kaggle.com/datasets/salvatorerastelli/spotify-and-youtube,1989-07-25,1989,"Spotify edition/catalogue date, not validated original recording release",2026-10-02T00:36:01.276029+00:00,bde2099517d7ee86681f7f127c8eab54cc6df736173b4a0e44de1e17568124ad,2b04a7074593226ca485947631491ec07af55273d0f682255b0a5a527218523d,,pending,pending,,,pending,
HR18,Alone,Heart,54b8qPFqYqIndfdxiLApea,https://open.spotify.com/track/54b8qPFqYqIndfdxiLApea,https://www.youtube.com/watch?v=1Cw1ng75KP0,Heart - Alone,HeartVEVO,Bad Animals,album,218733.0,296985793,higher,2023-02-07,day_declared,https://www.kaggle.com/datasets/salvatorerastelli/spotify-and-youtube,1987-06-06,1987,"Spotify edition/catalogue date, not validated original recording release",2026-10-02T00:36:00.712693+00:00,677e9d773049b8b4467bb7e399ebbed8f65086b7c174c8ce10035f9eb9c78d4d,4cae8d49f3d705cc032b777b4cafe378f6bc1c1cc392d754c9e849eeed42a3dc,,pending,pending,,,pending,
HR19,Paradise City,Guns N' Roses,6eN1f9KNmiWEhpE2RhQqB5,https://open.spotify.com/track/6eN1f9KNmiWEhpE2RhQqB5,https://www.youtube.com/watch?v=Rbm6GXllBiw,Guns N' Roses - Paradise City (Official Music Video),GunsNRosesVEVO,Appetite For Destruction,album,405600.0,753086521,higher,2023-02-07,day_declared,https://www.kaggle.com/datasets/salvatorerastelli/spotify-and-youtube,1987-07-21,1987,"Spotify edition/catalogue date, not validated original recording release",2026-10-02T00:36:04.264834+00:00,63a195ab313a45d44748dfd3747832b4a2c4202640cd05c2a15fbffcbae8f6c2,066a0c608e6737fefa56b22c27f78d5b1255232c8d82d2ad0587803e07840bda,,pending,pending,,,pending,
HR20,Back In Black,AC/DC,08mG3Y1vljYA6bvDt4Wqkj,https://open.spotify.com/track/08mG3Y1vljYA6bvDt4Wqkj,https://www.youtube.com/watch?v=pAgnJDJN4VA,AC/DC - Back In Black (Official Video),acdcVEVO,Back In Black,album,255493.0,915158054,higher,2023-02-07,day_declared,https://www.kaggle.com/datasets/salvatorerastelli/spotify-and-youtube,1980-07-25,1980,"Spotify edition/catalogue date, not validated original recording release",2026-10-02T00:35:56.609830+00:00,83aa4b93c37acd495f6dbce4a319cf8ca97b21667a86b72cd182f2dfe35df169,73a30bc5b936f333e3b5928d0258f2c8a4c372229b2a46b6983368660ff39ece,,pending,pending,,,pending,
