pilot_id,priority,artist,track,spotify_url,spotify_artists_observed,spotify_album_url,youtube_url,youtube_title_preserved,snapshot_duration_seconds,youtube_duration_seconds_preserved,video_minus_snapshot_seconds,prior_recording_review_status,review_task,reviewer,reviewed_at_utc,review_source,recorded_at_utc,duration_report,spotify_first_music_seconds,youtube_first_music_seconds,spotify_middle_anchor_seconds,youtube_middle_anchor_seconds,spotify_last_music_seconds,youtube_last_music_seconds,performers_comparison,vocal_take_comparison,arrangement_comparison,clean_explicit_comparison,musical_cuts_or_insertions,master_edition_comparison,same_take_assessment,evidence_urls_or_notes,final_recording_decision
P01,conferência recebida,The Kooks,Seaside,https://open.spotify.com/track/0QCuMBeqdWkwFUTO1WlAjH,The Kooks,https://open.spotify.com/album/4MhInH4XT7ReDV5fCZjaSz,https://www.youtube.com/watch?v=OgOwQvNzD-k,The Kooks - Seaside,99.227,99,-0.227,uncertain,"Correspondência exata confirmada pelo autor na conferência manual de P01. Relação entre masters/edições, gênero, datas e elegibilidade continuam pendentes.",autor do projeto (usuário nesta conversa),,relato do usuário nesta conversa,2026-10-01T23:07:42.260664+00:00,,,,,,,,,,,,,,Correspondência exata confirmada pelo autor; relação entre masters/edições não identificada separadamente.,Relato do autor em resposta aos links exatos de P01: Correspondência exata. Sem marcos temporais ou medidas novas; valores históricos preservados.,user_confirmed_match
P02,conferência recebida,Rosa Linn,KING,https://open.spotify.com/track/4RgXmdsT0zfYXdrZPW3pV8,"Rosa Linn, Kiiara",https://open.spotify.com/album/3Xr5BK9SjJjNz8geARGnk5,https://www.youtube.com/watch?v=MCt9gfNSyg4,Rosa Linn - KING ft. Kiiara (Official Video),203.089,212,8.911,uncertain,"Parte musical confirmada como idêntica pelo autor; tempo adicional atribuído ao encerramento do videoclipe sem música. Gênero, datas e elegibilidade continuam pendentes.",autor do projeto (usuário nesta conversa),,relato do usuário nesta conversa,2026-10-01T22:28:10.156278+00:00,"Tempo adicional do vídeo atribuído pelo usuário ao encerramento sem música. Limites temporais exatos não informados; diferença histórica de 8,911 s preservada.",,,,,,,,,Parte musical relatada como idêntica do começo ao fim.,,Sem divergência musical relatada; vídeo tem encerramento adicional sem música.,,Correspondência da parte musical confirmada pelo autor; master não identificado separadamente.,"Relato do autor em resposta aos links exatos de P02: O tempo extra se explica no final da musica com um encerramento sem musica
De resto é idêntico do começo até esses segundos extras de encerramento do videoclipe. O segmento adicional é no final, sem música; tempos exatos não informados.",user_confirmed_match
P03,conferência recebida,Dermot Kennedy,Innocence and Sadness,https://open.spotify.com/track/1nJatkqxWH7TQwBrP39yNd,Dermot Kennedy,https://open.spotify.com/album/0YlJpX1XiE8ghnRJCU0Dwv,https://www.youtube.com/watch?v=ufbDvPaVrzs,"Dermot Kennedy - Innocence and Sadness (Live From Mission Sound Studios, Brooklyn)",252.658,251,-1.658,documentary_album_link,"Confirmação manual de correspondência recebida do autor pelos links exatos. Gênero, datas e elegibilidade da amostra principal continuam pendentes.",autor do projeto (usuário nesta conversa),,relato do usuário nesta conversa,2026-10-01T22:03:42.305565+00:00,Mesma duração segundo o usuário; valores numéricos não informados.,,,,,,,,,,,,,Correspondência confirmada pelo usuário ao testar os links; tomada/master não detalhados separadamente.,"Relato do autor: Confirmo que P03 é o mesmo no YouTube e no Spotify, testei os links e tem mesma duração e mesma música. Consulta aos dois links exatos; sem marcos temporais informados. Tempos históricos preservados.",user_confirmed_match
P04,conferência recebida,Crowded House,Something So Strong,https://open.spotify.com/track/0eDwzWuy2gf1RJzqWl0dkF,Crowded House,https://open.spotify.com/album/1dJpgn1rqvvr4yyNYLEYBG,https://www.youtube.com/watch?v=WyBKzBtaKWM,Crowded House - Something So Strong,171.573,193,21.427,uncertain,"Parte musical confirmada como idêntica pelo autor; YouTube tem introdução de cerca de 10 segundos e encerramento de cerca de 10 segundos mostrando a capa do álbum. Gênero, datas e elegibilidade continuam pendentes.",autor do projeto (usuário nesta conversa),,relato do usuário nesta conversa,2026-10-01T23:12:21.418850+00:00,"Introdução de cerca de 10 s e encerramento de cerca de 10 s mostrando a capa do álbum, segundo o usuário. Diferença histórica de 21,427 s preservada.",,,,,,,,,Parte musical relatada como idêntica.,,Sem diferença musical relatada; introdução e encerramento adicionais no videoclipe.,,Correspondência da parte musical confirmada pelo autor; master não identificado separadamente.,"Relato do autor em resposta aos links exatos de P04: a música a rigor é a mesma, o video no youtube tem uma intro de 10 segundos e um final com 10 segundos mostrando a capa do album, de resto a música corresponde de forma identica. Durações de segmentos relatadas em segundos inteiros, sem limites temporais exatos; valores históricos preservados.",user_confirmed_match
P05,conflito identificado por escuta relatada,Outkast,Da Art of Storytellin' (Pt. 1),https://open.spotify.com/track/1KQymTxNJfWk6vCD5ywKW2,Outkast,https://open.spotify.com/album/5ceB3rxgXqIRpsOvVzTG28,https://www.youtube.com/watch?v=F0tamp9XdqU,Outkast - Da Art of Storytellin' (Part 1) (Official Video),222.653,233,10.347,uncertain,"Diferença musical relatada após aproximadamente 2:28: mudança de voz no YouTube em trecho mais suave, enquanto Spotify mantém o mesmo cantor. Pareamento bloqueado; identidade do vocalista adicional não confirmada.",autor do projeto (usuário nesta conversa),,relato do usuário nesta conversa,2026-10-01T22:19:11.167954+00:00,"YouTube 3:53 (233 s), Spotify 3:42 (222 s); diferença de 11 s nas durações exibidas relatadas.",,,,,,,"Após aproximadamente 2:28, usuário relata outra voz masculina no YouTube; Spotify mantém o mesmo cantor. Identidade adicional não confirmada.",,Usuário descreve trecho do YouTube após a divergência como mais suave.,,"Trecho musical/vocal diferente após aproximadamente 2:28, segundo o usuário; tipo exato de edição não estabelecido.",,Versões divergem em trecho musical relatado pelo usuário; par incompatível para associar descritores da faixa ao vídeo.,"Relato do autor em resposta aos links exatos de P05: Essa musica é identica até o minuto 2:28, o Spotify continua com o mesmo homem cantando e o YouTube com outro em um trecho mais suave
YouTube tem 3:53 e Spotify 3:42. Marco aproximado em 2:28, sem tempos individuais separados por plataforma. Valores históricos preservados.",user_reported_version_conflict
P06,primeira rodada,E-40,B*tch,https://open.spotify.com/track/2twJtqTdddqsTJnEHUFZdm,"E-40, Too $hort",https://open.spotify.com/album/4meG4fL5ZKbFNdVd6ptfIJ,https://www.youtube.com/watch?v=VLOz-6V3rPk,B*tch by E-40 feat. 50 Cent & Too Short (Remix) - CDQ / Dirty | 50 Cent Music,203.427,244,40.573,version_conflict,Conflito documental: vídeo rotulado Remix com 50 Cent; Spotify credita E-40 e Too $hort. Manter o par bloqueado; não substituir vídeo ou faixa silenciosamente.,,,,,,,,,,,,,,,,,,,,pending
P07,conferência recebida,Papa Roach,Between Angels And Insects,https://open.spotify.com/track/24z528iI9kZu5LbkLainjI,Papa Roach,https://open.spotify.com/album/0BHa0ePkvGAVKymB4FU58m,https://www.youtube.com/watch?v=H2jCbXiEQI4,Papa Roach - Between Angels And Insects,234.467,237,2.533,uncertain,"Correspondência exata confirmada pelo autor na conferência manual de P07. Gênero, datas e elegibilidade da amostra principal continuam pendentes.",autor do projeto (usuário nesta conversa),,relato do usuário nesta conversa,2026-10-01T22:55:55.410796+00:00,,,,,,,,,,,,,,Correspondência exata confirmada pelo autor; tomada/master não detalhados separadamente.,Relato do autor em resposta aos links exatos de P07: Confirmado a correspondência exata entre youtube e spotify. Sem tempos ou durações novos informados; valores históricos preservados.,user_confirmed_match
P08,conferência recebida,Soundgarden,The Day I Tried To Live,https://open.spotify.com/track/78YJJJH55MSyk7547100sW,Soundgarden,https://open.spotify.com/album/29sTacnS0qA9xri6YS8xLA,https://www.youtube.com/watch?v=dbckIuT_YDc,Soundgarden - The Day I Tried To Live (Official Music Video),320.107,320,-0.107,uncertain,"Correspondência exata confirmada pelo autor na conferência manual de P08. Relação específica entre masters/edições, gênero, datas e elegibilidade continuam pendentes.",autor do projeto (usuário nesta conversa),,relato do usuário nesta conversa,2026-10-01T23:14:28.932794+00:00,,,,,,,,,,,,,,Correspondência exata confirmada pelo autor; relação específica entre masters/edições não identificada separadamente.,Relato do autor em resposta aos links exatos de P08: correspondencia exata. Sem marcos temporais ou medidas novas; valores históricos preservados.,user_confirmed_match
P09,conferência recebida,Novo Amor,Anchor,https://open.spotify.com/track/7qH9Z4dJEN0l9bidizW7fq,Novo Amor,https://open.spotify.com/album/4vGuMdwnxc6X8izbVS6MTN,https://www.youtube.com/watch?v=OmKAn8rNbKg,Novo Amor - Anchor (official video),257.533,256,-1.533,documentary_album_link,"Correspondência exata confirmada pelo autor na conferência manual de P09. Gênero, interpretação das datas e elegibilidade da amostra principal continuam pendentes.",autor do projeto (usuário nesta conversa),,relato do usuário nesta conversa,2026-10-01T22:59:51.106815+00:00,,,,,,,,,,,,,,Correspondência exata confirmada pelo autor; tomada/master não detalhados separadamente.,Relato do autor em resposta aos links exatos de P09: Correspondência exata. Sem tempos ou durações novos informados; valores históricos preservados.,user_confirmed_match
P10,edição do clipe identificada; elegibilidade pendente,Darshan Raval,Tera Zikr,https://open.spotify.com/track/0OfaueVeRebAfWsAHajj3z,Darshan Raval,https://open.spotify.com/album/2khzKvw27vsWmb8xgnqxKb,https://www.youtube.com/watch?v=eK0IIyBlYew,Tera Zikr - Darshan Raval | Official Video - Latest New Hit Song,208.5,224,15.5,uncertain,"Autor relata introdução de cerca de 20 segundos, fala feminina sobreposta à música ausente no Spotify e restante musical no geral igual. Registrar intervalo da fala e revisar elegibilidade sem promover a correspondência exata ou alterar o critério automaticamente.",autor do projeto (usuário nesta conversa),,relato do usuário nesta conversa,2026-10-01T23:20:58.968839+00:00,"Introdução de cerca de 20 segundos segundo o autor; tempos exatos não medidos. Diferença histórica total de 15,500 s preservada.",,,,,,,"Fala feminina adicional por cima da música no YouTube, ausente no Spotify; identidade não informada.",,Restante musical relatado como no geral igual; correspondência integral não afirmada.,,Introdução de videoclipe e frase falada sobreposta à música. Intervalo e palavras não informados; não inferir cortes.,,"Base musical geralmente correspondente, com fala exclusiva do clipe; correspondência exata do áudio completo não confirmada.","Relato do autor em resposta aos links exatos de P10: essa musica tem uma particularidade, os primeiros 20 segundos sao uma introdução do videoclipe, começa a musica, uma mulher fala uma frase (por cima da musica, que não tem no spotify) e o resto da musica no geral é a mesma. Elegibilidade pendente; relato não identifica remix ou outra gravação.",user_reported_video_audio_overlay
P11,conferência recebida,AC/DC,Hells Bells,https://open.spotify.com/track/69QHm3pustz01CJRwdo20z,AC/DC,https://open.spotify.com/album/6mUdeDZCsExyJLMdAfDuwh,https://www.youtube.com/watch?v=etAIpkdhU9Q,AC/DC - Hells Bells (Official 4K Video),312.293,310,-2.293,uncertain,"Mesma música confirmada pelo autor, com percepção de que o clipe está aproximadamente dois segundos adiantado em relação ao Spotify. Gênero, datas e elegibilidade continuam pendentes.",autor do projeto (usuário nesta conversa),,relato do usuário nesta conversa,2026-10-01T23:03:33.946447+00:00,,,,,,,,,,,,,,Mesma música confirmada pelo autor; clipe aparentemente cerca de dois segundos adiantado em relação ao Spotify. Master não identificado separadamente.,"Relato do autor em resposta aos links exatos de P11: Correspondência praticamente perfeita, o clipe parece estar 2 segundos na frente da musica no Spotify, mas a rigor é a mesma musica. Deslocamento percebido aproximado, sem marcos temporais medidos; valores históricos preservados.",user_confirmed_match
P12,conferência recebida,Imagine Dragons,Radioactive,https://open.spotify.com/track/4G8gkOterJn0Ywt6uhqbhp,Imagine Dragons,https://open.spotify.com/album/6htgf3qv7vGcsdxLCDxKp8,https://www.youtube.com/watch?v=ktvTqknDobU,Imagine Dragons - Radioactive,186.813,261,74.187,uncertain,"Conteúdo musical confirmado como o mesmo pelo autor; extensão atribuída a sequências narrativas do clipe no começo, meio e final. Limites das cenas, sons sobrepostos, gênero, datas e elegibilidade não foram adjudicados.",autor do projeto (usuário nesta conversa),,relato do usuário nesta conversa,2026-10-01T23:25:58.087729+00:00,"Extensão atribuída pelo autor a cenas narrativas no começo, meio e final. Limites exatos não informados; diferença histórica de 74,187 s preservada.",,,,,,,,,Conteúdo musical relatado como o mesmo.,,"Sequências narrativas adicionais do clipe, incluindo animais de pelúcia lutando. Pausas, cortes e sobreposições não detalhados individualmente.",,"Correspondência do conteúdo musical confirmada pelo autor; extensão narrativa do clipe registrada, master não identificado separadamente.","Relato do autor em resposta aos links exatos de P12: Essa música é a rigor a mesma chat. O que acontece é que no videoclipe do YouTube existem sequências bem artísticas que mostram, por exemplo, no começo, no meio e ao final um cadinho. Ou seja, durante o videoclipe, sequências de animais ali de pelúcia lutando, mas o conteúdo da música acaba sendo o mesmo. Essa extensão se dá essa questão de durante o clipe ter esses pontos em que tem essa situação até mesmo antietral.. Sem limites temporais medidos; valores históricos preservados.",user_confirmed_match
